{"cameraMode":{"drawMode":0,"name":"Shaded","section":"Shading Mode"},"sceneLighting":true,"audioPlay":false,"sceneViewState":{"m_AlwaysRefresh":false,"showFog":true,"showSkybox":true,"showFlares":true,"showImageEffects":true,"showParticleSystems":true,"showVisualEffectGraphs":true,"m_FxEnabled":true},"in2DMode":false,"pivot":{"x":502.5545654296875,"y":1200.0928955078125,"z":479.8052062988281},"rotation":{"x":-0.15716777741909028,"y":0.004736743401736021,"z":-0.0007609670865349472,"w":-0.9876452684402466},"size":598.9625854492188,"orthographic":false}